conversation_id,company,context,channel,tone,language,customer_issue,customer_goal,agent_goal,resolved,num_interactions,duration_sec,csat_estimated_1_5,next_action,followup_needed,summary
c4a2f8a7-7d1e-4e8f-91d1-3b1f5c9a6e21,Kavak,buying,telefono,formal,es,"Solicita vender su coche y recibir oferta en menos de 24 horas; pide proceso, documentos y tiempos.",Conocer el proceso y agendar para obtener una oferta en <24h.,"Explicar pasos, requisitos, tiempos y agendar inspección para generar oferta en <24h.",True,8,360,5,"Enviar SMS/correo con cita de inspección hoy 17:30, checklist de documentos y enlace seguro para prevaluación y datos bancarios; realizar inspección para emitir oferta final.",True,"Se explicó proceso de compra del auto, requisitos documentales, inspección, KYC, tiempos de oferta y pago. Se propuso y confirmó agendar inspección hoy para emitir oferta en el mismo día."
conv-20251023-0001,Kavak,buying,webchat,amable,es,"Quiere vender su coche y recibir una oferta en menos de 24 horas. Pide proceso, documentos y tiempos.",Obtener una oferta <24h y conocer requisitos y plazos.,"Explicar el proceso de compra del auto, documentos requeridos, tiempos y coordinar la inspección/pre-evaluación.",False,4,320,5,"Crear folio, enviar formulario seguro para fotos y documentos, y agendar inspección física (a domicilio o en centro) para oferta final.",True,"El cliente quiere vender su coche y obtener oferta <24h. Se explicó proceso, documentos, tiempos, KYC y pagos. Se propone agendar inspección y enviar formulario seguro; falta recibir VIN/placas y confirmar horario."
c0a1cdd2-5f9e-4e2c-8b89-37c8c8b4d6e2,Kavak,buying,email,amable,en,"Customer wants to sell their car and receive an offer in under 24 hours; asks about process, required documents, and timelines.",Get a firm offer within 24 hours and understand steps/documents.,"Explain process, list required docs and timelines, and book an inspection within 24 hours.",False,2,900,5,"Await customer’s VIN, mileage, city, photos, and preferred times to schedule a same/next-day inspection and send a preliminary offer within 24 hours.",True,"Agent explained the fast-sale process, documents (ID, proof of address, bank details, title/registration, lien release if any), inspection timing, and payment window; awaiting details to book inspection."
KVK-2025-10-23-0142,Kavak,buying,telefono,formal,en,"Wants to sell a car and receive an offer in under 24 hours; asks about process, documents, and timelines.","Understand steps and required documents, and secure a firm offer within 24 hours.","Explain process and compliance, set expectations, collect availability, and schedule inspection to deliver an offer within the requested timeframe.",True,6,320,5,Send confirmation SMS/email with secure upload link; customer to upload documents and confirm address; conduct home inspection today at 3:30 PM; issue final offer post-inspection.,True,"Inspection scheduled for today at 3:30 PM (home). Customer informed of process, required documents, KYC, same-day offer after inspection, and payment timelines."
whatsapp-9841,Kavak,buying,whatsapp,formal,es,"Quiere vender su coche, conocer proceso, documentos y tiempos, y recibir oferta en menos de 24 h.",Obtener oferta <24 h y concretar la venta del coche.,"Explicar proceso, requisitos (docs/KYC), tiempos y agendar inspección para emitir oferta en <24 h.",False,8,520,5,Enviar enlace seguro para carga de fotos y confirmar inspección a domicilio hoy 17:30; folio KVK-27491 abierto.,True,"Se explicó proceso de compra de auto por Kavak, documentos requeridos y tiempos. Se programó inspección a domicilio hoy 17:30 en CDMX y se abrió folio KVK-27491. Pre‑oferta hoy tras fotos; pago por SPEI <24 h posterior a firma y entrega. KYC: verificación de identidad y titularidad de cuenta. Garantía/crédito no aplican al vendedor."
3f4c2d8e-5a10-4f45-8a8a-9e9a3b2f6f51,Kavak,buying,whatsapp,apologético,es,"Quiere vender su coche y recibir una oferta en menos de 24 horas; pide proceso, documentos y tiempos.",Recibir una oferta rápida (<24h) y saber requisitos.,"Explicar proceso, documentos, tiempos, cumplir KYC y agendar inspección para emitir oferta en <24h.",False,6,620,4,"Confirmar disponibilidad de inspección a domicilio hoy 17:00–19:00 en CDMX; si no hay cupo, agendar a primera hora de mañana. Enviar formulario seguro para datos/fotos y validar documentos/KYC antes de la firma.",True,"Agente explicó proceso, documentos, tiempos, KYC y opciones de crédito/garantía. Cliente compartió datos y horario; se levantó solicitud y se espera confirmación de agenda para inspección y oferta <24h."
c6f3e6a2-2a4d-4d1e-8c9a-9a51b9d7f3ab,Kavak,buying,webchat,empático,es,"Quiere vender su coche y recibir una oferta en menos de 24 horas; pide proceso, documentos y tiempos.",Obtener pre-oferta <24h y saber requisitos para vender su coche.,"Explicar proceso, requerir documentos, cumplir KYC, tiempos de inspección y pago, y agendar cita.",True,6,360,5,"Enviar formulario seguro; cliente sube fotos y documentos hoy; realizar inspección a domicilio mañana 17:30; emitir pre‑oferta <24h y, tras inspección, oferta final y pago por SPEI.",True,"Se explicó proceso de compra del auto por Kavak, documentos requeridos, KYC, tiempos de pre‑oferta (<24h), inspección y pago (24–48h hábiles). Se agendó inspección a domicilio y se envió el formulario para cargar fotos y documentos."
8a1f7a5b-786a-4d4a-9e7a-2f10f3c3f7a9,Kavak,buying,telefono,resolutivo,es,"Quiere vender su coche y recibir una oferta en menos de 24 horas; pide proceso, documentos y tiempos.",Obtener una oferta <24h y saber requisitos y tiempos de pago.,"Explicar proceso de venta, documentos, tiempos de oferta y pago; agendar inspección y enviar enlace de carga de documentos.",True,10,164,5,"Enviar SMS con enlace para precargar documentos y validación de identidad, más confirmación de cita de inspección hoy a las 18:00 y checklist.",False,"Se agendó inspección para hoy 18:00. Cliente informado de pasos, documentos, KYC, tiempos de oferta (<24h) y pago por SPEI (<24h hábiles)."
webchat-2025-10-23-001,Kavak,buying,webchat,amable,es,"Quiere vender su coche y recibir una oferta en menos de 24 horas; solicita proceso, documentos y tiempos.",Obtener una oferta rápida y entender requisitos/documentación.,"Explicar pasos, documentos, tiempos y proponer cita de inspección.",False,6,320,5,Recabar datos de contacto del cliente y agendar inspección para mañana; enviar link para prevaluación y carga de documentos.,True,"Se explicó proceso, documentos, tiempos y pago por transferencia. Cliente quiere cita mañana; agente solicitará datos para agendar y enviar link."
KAV-2025-10-23-7842,Kavak,buying,email,resolutivo,es,"Quiere vender su coche y obtener una oferta en menos de 24 h; pide proceso, documentos y tiempos.",Recibir una oferta <24 h y conocer requisitos y tiempos de pago.,"Explicar proceso, KYC, inspección, pagos y agendar la inspección; solicitar datos y fotos para oferta preliminar.",False,4,1800,5,Cliente sube fotos y documentos hoy; agente agenda y confirma la inspección para mañana 11:30 y envía confirmación con checklist.,True,"Se explicó proceso de compra del auto por Kavak, requisitos KYC, inspección y tiempos de pago. Se abrió ticket y se propuso cita de inspección; queda pendiente que el cliente suba fotos/docs y confirme la ubicación."
c0a6f7b9-2f1b-4a3d-9c31-51f5a6c0e9a2,Kavak,buying,telefono,resolutivo,es,"Quiere vender su coche y obtener una oferta en menos de 24 horas; solicita proceso, documentos y tiempos de pago.",Recibir una oferta rápida y conocer requisitos y tiempos.,"Explicar proceso, detallar documentos, KYC y pagos; agendar inspección y enviar enlace para pre-oferta.",True,9,235,5,"Enviar SMS con enlace para carga de documentos y fotos; agendar inspección domiciliaria hoy a las 16:00; emitir pre‑oferta en <2 h tras recibir fotos; emitir oferta final tras inspección; procesar pago SPEI dentro de 24 h tras firma y validaciones KYC; si hay crédito, solicitar carta saldo y coordinar liquidación.",False,"Se confirmó inspección hoy 16:00 a domicilio. Cliente subirá documentos vía enlace seguro para obtener pre‑oferta hoy. Se informó sobre documentos requeridos, KYC, manejo de autos con crédito, tiempos de oferta y pago."
c3a7c2c8-2f8a-4f20-9a6e-7d8a2d1a9e55,Kavak,buying,whatsapp,resolutivo,es,"Quiere vender su coche y recibir una oferta en menos de 24h; pide proceso, documentos y tiempos.","Obtener oferta <24h y entender pasos, papeles y plazos.","Explicar proceso, solicitar datos clave, habilitar carga de documentos, agendar inspección y encaminar oferta preliminar.",False,6,660,5,"Enviar enlace seguro de carga de documentos/fotos, agendar inspección para mañana, abrir ticket y confirmar datos de contacto.",True,"Se explicó proceso de venta con oferta <24h, requisitos de documentos, KYC, inspección sin costo, tiempos y pago por SPEI. Cliente compartió VIN y ciudad; falta enviar enlace y agendar inspección."
whatsapp-2025-10-23-1234,Kavak,buying,whatsapp,apologético,es,"Quiere vender su coche y recibir una oferta en menos de 24 horas; solicita proceso, documentos y tiempos.",Obtener una oferta <24h y conocer requisitos.,"Explicar proceso, requisitos y tiempos, y agendar una inspección en menos de 24h.",False,4,360,4,"Cliente enviará VIN, kilometraje y fotos por WhatsApp; Agente confirmará la cita hoy 5 pm, compartirá ubicación y checklist; realizar inspección, emitir oferta final y proceder a firma y pago SPEI.",True,"Se explicó proceso, documentos y tiempos. Cita pre-agendada para hoy 5 pm; pendiente recibir VIN/fotos para confirmar. Oferta prometida <24h; pago SPEI el mismo día sujeto a KYC y horarios bancarios. Crédito/garantía no aplican en la venta."
a8f2c0a5-2c4f-4d6c-8d0e-5f2a0d9f3b71,Kavak,buying,telefono,formal,es,"Quiere vender su coche y recibir una oferta en menos de 24 horas; solicita proceso, documentos y tiempos de pago.",Obtener oferta <24h y conocer requisitos y plazos.,"Explicar proceso y requisitos, cumplir con KYC/inspección, y agendar cita para avanzar.",True,6,300,5,Enviar enlace seguro y lista de documentos por correo; realizar inspección mañana 11:00; emitir oferta preliminar <24h tras recibir fotos y oferta final tras inspección.,True,"Se explicó el proceso para vender a Kavak, los documentos requeridos y los tiempos: oferta preliminar <24h con fotos, oferta final tras inspección gratuita y validaciones. Pago por SPEI el mismo día de la firma o en 24 h hábiles; se valida identidad y titularidad de cuenta (KYC). Se agendó inspección y se enviará enlace y checklist por correo."
KVK-EMAIL-20251023-7842,Kavak,buying,email,formal,en,"Wants to sell car and receive an offer in under 24 hours; asks for process, required documents, and timelines.","Understand steps, documents, and timing to get a quick offer and proceed.","Explain end-to-end process, outline documentation/KYC, set expectations on timelines, and schedule inspection.",False,4,1800,5,Send appointment confirmation and secure KYC link; await customer confirmation of 3:00–5:00 pm slot and requested photos/docs to finalize pre-offer.,True,"Agent outlined process, documents, KYC, timelines; offered free home inspection tomorrow afternoon and opened a ticket. Awaiting customer confirmation and photos to issue a preliminary offer within 24 hours."
conv-20251023-0007,Kavak,buying,telefono,formal,es,"Quiere vender su coche y recibir una oferta en menos de 24 horas; solicita proceso, documentos y tiempos.",Obtener oferta <24h y conocer requisitos para vender su auto.,"Explicar proceso, requisitos KYC y documentos; agendar inspección y enviar enlace/checklist para cumplir <24h.",True,8,240,5,Enviar enlace de agenda y checklist por SMS; cliente sube documentos y confirma cita hoy; agente valida recepción y da seguimiento post-inspección para emitir oferta y procesar pago SPEI.,True,"Se explicó proceso de compra del auto por Kavak, requisitos de documentos y KYC. Se envió enlace para agendar inspección y checklist. Oferta final comprometida el mismo día o <24h hábiles tras inspección; pago por SPEI al firmar."
7b6a1f7e-6e3c-4d1e-9c6c-2a9d5b9d1f21,Kavak,ask,webchat,amable,en,Wants the status of their car's mechanical evaluation and when payment will arrive.,Know current evaluation status and payment timeline.,"Verify identity, check evaluation status, and set clear payment expectations or escalate if delayed.",False,2,60,4,"Send secure verification form, collect Inspection ID and last 4 digits of registered phone, check status in system; if >48h, escalate to inspection team; confirm documents on file and advise any pending items; share ETA and payment timeline.",True,"Agent requested secure verification, provided standard timelines for evaluation and payment, and will update status after verifying; will escalate if delayed."
f3e4c7a1-2b9d-4b3d-9c41-8f6d2b0d1a55,Kavak,ask,whatsapp,resolutivo,es,Quiere saber el estado de la evaluación mecánica y los tiempos de pago por la venta de su auto.,Conocer avance de inspección y cuándo recibiría el pago si todo está bien.,Verificar identidad y ubicar el caso con folio/VIN; explicar tiempos y requisitos para liberar el pago cumpliendo KYC.,False,2,90,4,"Esperar folio de inspección/orden o VIN y nombre del titular para consultar el estatus. Si el cliente no lo tiene, abrir ticket y escalar a equipo de Inspecciones para actualización por WhatsApp.",True,"Se solicitó folio/VIN para verificar estatus de evaluación. Se informaron tiempos estimados: evaluación 24–48 h hábiles y pago 24–72 h hábiles tras aprobación y firma, con depósito SPEI a cuenta a nombre del titular y verificación de identidad."
email-2025-10-23-001,Kavak,ask,email,resolutivo,en,Wants the status of the mechanical evaluation and when payment will be made.,Get a clear update on inspection progress and payout timing.,"Verify identity securely, provide standard timelines, and set next steps to share the exact status and payout ETA.",False,2,240,4,Await customer verification via secure link; then check order #SO-78421 inspection status and confirm payout ETA; send update within 1 business day.,True,"Agent requested secure verification, provided standard inspection and payment timelines, and committed to a follow-up update with exact status and payout estimate."
8a0f3b7c-2a0c-4e2f-86b0-7e8f0a7c1d42,Kavak,ask,email,entusiasta,es,Consulta por el estado de la evaluación mecánica y tiempos de pago si se aprueba.,Saber en qué va la inspección y cuándo recibiría el pago.,"Explicar tiempos de evaluación, proceso de pago y validación KYC; solicitar número de orden y ofrecer escalación si excede plazo.",False,2,180,5,"Esperar número de orden del cliente para enviar enlace seguro de carga/validación de documentos y verificar estatus. Si la evaluación supera 48 h hábiles, abrir ticket y escalar a Inspecciones.",True,Se explicaron los tiempos de evaluación (24–48 h) y pago (mismo día o hasta 24 h tras validación KYC). Se solicitó el número de orden para revisar estado y se ofreció escalación si hay demoras.
b7f8d1c8-2a4c-4e2a-9b49-3a9c2f7f6b11,Kavak,ask,email,entusiasta,en,Wants the status of the mechanical evaluation and payment timelines if approved.,Confirm if the inspection is done and when they will get paid.,"Verify identity, check inspection status, and set clear payment timeline and next steps.",False,2,480,4,"Await customer’s appointment ID (or VIN/plate) and registered name/email to complete KYC, check inspection status with the workshop, and coordinate payment timing with the Payments team.",True,"Agent requested verification details to check the inspection status and advised that payment is typically processed 24–48 business hours after a passed inspection, signed documents, and bank/KYC verification."
WEB-20251023-001,Kavak,ask,webchat,formal,es,Solicita estado de su evaluación mecánica y los tiempos de pago si todo está aprobado.,Conocer el avance de la evaluación y cuándo recibiría el pago por su auto.,"Validar identidad (KYC), obtener folio, explicar proceso de inspección y pago, y escalar para confirmar el estado.",False,4,180,4,Escalar a equipo de inspecciones con folio EV-10458; enviar actualización por correo en menos de 2 horas; confirmar ventana de pago tras aprobación y coordinar firma.,True,"Se solicitaron datos KYC y folio para consultar el estado. Se explicó proceso: inspección, validación de documentos y pago por SPEI en ~24 h hábiles tras firma. Se abrió ticket y se escaló a inspecciones para actualizar por correo."
eml-2025-10-23-001,Kavak,ask,email,amable,es,Consulta por estado de evaluación mecánica y tiempos de pago de su venta.,Saber en qué va la inspección y cuándo se realizará el pago.,"Solicitar datos para revisar el caso, explicar plazos y requisitos, y definir siguiente paso.",False,2,120,4,Esperar número de orden/VIN del cliente para abrir ticket con el equipo de Inspección y confirmar por email el estatus y la fecha estimada de pago en <24 h hábiles.,True,Agente solicita número de orden para verificar estatus; explica tiempos de inspección y liberación de pago y requisitos de firma/KYC. Pendiente abrir ticket y confirmar por correo.
KAVAK-20251023-SELL-0148,Kavak,buying,telefono,apologético,es,"Quiere vender su coche y recibir una oferta en menos de 24 horas; pide proceso, documentos y tiempos.",Obtener oferta <24h y entender requisitos.,"Explicar proceso, solicitar documentos, agendar inspección hoy y establecer tiempos de oferta y pago.",True,6,330,4,Enviar SMS/WhatsApp con enlace de agendamiento e ingreso de documentos; confirmar ventana de inspección 17:00 en CDMX; seguir validaciones KYC y revisión legal tras inspección.,True,"Cliente desea oferta <24h. Agente explicó proceso (pre‑oferta, inspección gratis, oferta final), documentos requeridos, tiempos de oferta y pago, y aclaró que garantía/crédito no aplican al vender. Se acordó inspección hoy 17:00 y envío de enlace para registro y carga de documentos. Caso VK-SELL-4572 creado."
web-2025-10-23-00087,Kavak,ask,webchat,formal,es,Consulta por el estado de la evaluación mecánica y tiempos de pago por la venta de su auto.,Saber en qué va la evaluación y cuándo recibiría el pago si es aprobada.,"Solicitar folio, explicar tiempos y condiciones de pago (KYC, docs), y escalar para confirmar el estado.",False,4,360,4,Crear ticket y escalar con Taller/Inspección usando folio KV-12345; enviar actualización por correo y SMS en 2–4 h hábiles.,True,"Se explican tiempos de evaluación (24–48 h) y pago por SPEI sujeto a aprobación, contrato firmado, verificación de identidad (KYC) y validación de cuenta. Se recibe folio y se abre ticket para confirmar estado."
kvk-2025-10-23-7f3b2e,Kavak,ask,email,empático,en,Wants the status of the mechanical inspection and payment timeline after selling their car.,Know current evaluation status and when payment will be issued.,"Verify the case, explain standard timelines and requirements, and set a clear next step.",False,2,210,4,Await customer’s Sell ID/VIN/plate and phone number via reply; open a support ticket; escalate to Inspection; send secure KYC/doc link if pending; confirm status and ETA for payout via email.,True,"Customer asked about the mechanical evaluation status and when payment will be issued. Agent requested identifiers, explained standard timelines, KYC and document verification, potential delays, and set the next step to open a ticket and escalate once details are provided."
a8b7c2e9-5f41-4a25-9e8a-9d3f1c0e7f21,Kavak,ask,telefono,formal,es,Quiere saber el estado de la evaluación mecánica de su auto y los tiempos de pago.,Confirmar cuándo termina la evaluación y cuándo recibiría el depósito si todo aprueba.,"Verificar el caso, informar estatus y tiempos de pago, explicar requisitos (KYC/documentos) y dejar seguimiento.",False,8,290,5,"Ticket de seguimiento para confirmar resultado de evaluación hoy y, si aprueba, coordinar firma y liberar pago en 24-48 h hábiles tras verificación KYC y documentos completos.",True,"Se informó que la evaluación está en revisión final con cierre hoy. Pago en 24-48 h hábiles tras aprobación, firma y KYC/documentación completa. Se abrirá ticket para notificar resultado hoy por correo y SMS."
whatsapp-2025-10-23-84A7,Kavak,ask,whatsapp,formal,en,Customer asks for the status of the mechanical evaluation and payment timelines.,Know when the inspection will be completed and when funds will be deposited.,"Verify inspection status, explain payout SLA, confirm required KYC documents, and set a clear follow-up.",False,6,420,4,"Monitor inspection until 6:00 pm local time; send WhatsApp update on completion; if approved, guide customer to sign contract and confirm bank validation; initiate payout within 24–48 business hours.",True,"Verified customer, provided inspection ETA, explained payout process and KYC requirements, and created a follow-up ticket for status update."
email-2025-10-23-ks78f2,Kavak,ask,email,apologético,es,Quiere saber el estado de la evaluación mecánica y cuánto tardan en pagar.,Recibir una actualización y una fecha estimada de pago.,"Brindar tiempos estimados, solicitar datos para verificar el caso y definir siguiente paso.",False,2,420,4,Esperar respuesta del cliente con número de orden o VIN/placa y datos de verificación; abrir ticket y escalar a Taller y Finanzas; enviar actualización en <24 h hábiles.,True,Se informan tiempos estimados de evaluación (24–48 h) y pago (24–72 h tras aprobación y validaciones KYC). Se solicitan datos para consultar el caso y se promete actualización en menos de 24 h hábiles.
webchat-3a8f7c7b-1023,Kavak,ask,webchat,enthusiastic,en,Asking for status of mechanical evaluation and payout timing,Know current inspection status and when payment will be sent if it passes,"Verify identity, check inspection status, set payout expectations, and create a follow-up ticket",False,6,180,5,Inspection team to confirm current stage and payout ETA; send email update within 3 hours; request any missing documents/KYC if needed.,True,"Collected order ID and email, created a support ticket, explained payout timeline (24–48 business hours post-approval), and scheduled an email update within 3 hours pending inspection status confirmation."
web-20251023-evapago-001,Kavak,ask,webchat,resolutivo,es,Quiere saber el estado de la evaluación mecánica y en cuánto tiempo se realiza el pago.,Confirmar avance de la evaluación y tiempos de depósito.,Solicitar folio para consultar el expediente y explicar SLA de evaluación y pago según políticas (KYC y documentos).,False,4,180,4,"Abrir ticket de seguimiento y solicitar al cliente el folio de inspección o VIN/placa y fecha de la cita para consultar el estado en sistema. Al recibirlos, validar si la evaluación está dentro de 24–48 h y, si ya hay contrato firmado y KYC correcto, confirmar pago SPEI en ~24 h hábiles. Si hay retraso, escalar a equipo de Pagos.",True,"Se explicó el SLA: evaluación mecánica en 24–48 h desde la inspección; pago por SPEI en ~24 h hábiles tras firma y validación KYC. No se pudo revisar sin folio, queda ticket abierto a la espera de folio/VIN/placa para verificar y escalar si corresponde."
kvk-web-ASK-20251023-001,Kavak,ask,webchat,directo,es,Quiere saber el estado de la evaluación mecánica y los tiempos de pago.,Confirmar si su coche ya fue evaluado y cuándo recibiría el pago.,Verificar el estado de la inspección y explicar tiempos y requisitos de pago; solicitar datos para seguimiento.,False,4,210,4,Solicitar correo/teléfono del cliente y crear ticket; escalar a equipo de Inspecciones para confirmar estado y tiempos de pago; notificar al cliente por el medio proporcionado.,True,El cliente pidió el estado de la evaluación mecánica y tiempos de pago. El agente explicó los tiempos estimados y requisitos KYC y solicitó folio y contacto. Se propone abrir ticket y escalar a Inspecciones.
c2f0b3b8-1a6e-4e6e-9c61-3f2aa3a0f7b2,Kavak,ask,email,formal,en,Wants update on mechanical evaluation status and payout timing,Know when results and payment will be available,"Provide timelines, document/KYC requirements, and request identifiers to check status",False,2,480,4,"Awaiting customer reply with order/inspection ID or VIN and inspection details; agent to open tracking ticket, verify status, and update within 1 business day; escalate to Operations if beyond SLA.",True,Provided standard timelines: evaluation in 24–48 business hours and payout within 1 business day after approval and KYC. Requested identifiers and any pending documents; outlined next steps and escalation path.
whatsapp-2025-10-23-001,Kavak,ask,whatsapp,formal,es,Solicita estado de evaluación mecánica y tiempos de pago por la venta de su auto.,Saber en qué va la inspección y cuándo recibiría el pago.,"Verificar el estado, explicar plazos de pago y confirmar documentos/KYC.",False,6,420,4,"Esperar cierre de evaluación y confirmar por WhatsApp; si no hay actualización antes de mañana 18:00, abrir ticket de seguimiento y compartir folio al cliente.",True,"Se verificó el estado: evaluación en control de calidad. Pago estimado 24–48 h hábiles tras aprobación, firma y validación KYC con documentos requeridos cargados. Se dará actualización por el mismo canal; si no, se abrirá ticket."
KAVAK-EML-2025-10-23-8472,Kavak,feedback,email,amable,en,Delayed payout transfer; requesting compensation for fees caused by the delay.,Receive the pending transfer and compensation for incurred fees.,"Acknowledge and apologize, expedite payment trace, request needed info securely, set timeline, and explain compensation review policy.",False,2,420,3,Escalate with ticket KAV-572148 to Payments to trace transfer; await customer reply with contract number and bank name; customer to upload required docs via secure portal; provide update within 24–48 business hours; review compensation claim after transfer confirmation and receipts.,True,"Payment delay acknowledged; case escalated to Payments with a trace. Customer asked for contract number, bank name, and to upload verification/banking docs securely. Update promised in 24–48 business hours; compensation to be reviewed per policy after resolution."
wa-7f2c9b81,Kavak,feedback,whatsapp,resolutivo,es,Retraso en la transferencia del pago por la venta del auto; solicita compensación.,Que se libere el pago hoy y recibir compensación por el retraso.,"Verificar estatus del pago, validar datos bancarios/KYC, escalar a Pagos y gestionar solicitud de compensación según política.",False,6,420,3,Escalar ticket PAG-48217 al equipo de Pagos; enviar formulario seguro para carátula bancaria e INE; confirmar estatus y compensación antes de las 18:00 de hoy.,True,"Se reporta retraso en transferencia tras venta. Se abrió ticket con Pagos, se solicitaron documentos para validación KYC y titularidad bancaria vía canal seguro. Se evaluará compensación con Finanzas y se dará actualización con referencia de pago hoy."
webchat-8a4f2c9e-2025-10-23,Kavak,feedback,webchat,amable,en,Delay in bank transfer after car sale; requests compensation,Receive funds immediately and get compensation for the delay,"Verify payment status, expedite release, set expectations, and submit compensation review",False,6,320,3,Payments escalation ticket PAY-90871 created; await bank clearance; send secure upload link if additional KYC/banking proof is required; provide customer update within 24 hours.,True,"Agent apologized for transfer delay, verified status as bank/KYC processing, escalated to Payments (ticket PAY-90871), set 24–48h settlement expectation post-clearance, and submitted a goodwill compensation review with a 3-business-day timeframe."
webchat-20251023-001,Kavak,feedback,webchat,entusiasta,es,Retraso en transferencia y solicitud de compensación,Obtener compensación por cargos y confirmación del pago,"Verificar identidad, revisar pago, escalar a Tesorería y evaluar compensación según política",False,4,210,3,Tesorería revisará el pago y evaluará compensación; enviar enlace seguro para KYC y carga de comprobantes; actualización al cliente por correo en 24–72 h hábiles.,True,"Se recibió queja por retraso en transferencia; se abrió y escaló ticket a Tesorería, se solicitaron datos mínimos y comprobantes, y se acordó revisar compensación según política."
kavak-wh-20251023-7842,Kavak,feedback,whatsapp,directo,es,Retraso en transferencia tras vender su auto; solicita compensación.,Recibir el pago hoy y obtener compensación por el retraso.,Acelerar liberación del pago cumpliendo KYC y abrir solicitud de compensación.,False,6,420,3,Cliente sube INE y estado de cuenta vía enlace seguro; agente escala a Pagos para liberar transferencia y a Finanzas para evaluar compensación; confirmar al cliente en el día hábil.,True,"Se explicó el motivo del retraso (validación bancaria/KYC), se solicitó documentación por canal seguro, se abrió ticket con Pagos y solicitud de compensación con Finanzas; se dará confirmación en el día hábil."
KVK-WEB-20251023-7842,Kavak,feedback,webchat,directo,en,Delayed bank transfer after selling car; requests compensation.,Receive payout immediately and get compensation for delay.,"Verify payout status, escalate to Payments, set clear ETA, log compensation request per policy.",False,6,310,3,Payments escalation under ticket PMT-589214; coordinate with receiving bank; update customer within 24–48 business hours; review and apply compensation per delay policy once funds clear.,True,"Customer reported 5-day payout delay and requested compensation. Agent verified order, found bank hold after KYC completed, escalated to Payments and bank, set 24–48h ETA, and logged compensation request tied to transfer confirmation."
kvk-email-20251023-0001,Kavak,feedback,email,empático,es,Retraso en la transferencia del pago tras la venta del auto; solicita compensación.,Recibir el pago cuanto antes y una compensación por el retraso.,"Verificar y acelerar el pago, mantener informado al cliente y evaluar compensación conforme a políticas.",False,4,3900,3,"Esperar respuesta de Tesorería/Compliance al ticket PAY-58423 en 24 h hábiles; notificar al cliente el estado de la transferencia y, si procede, ofrecer compensación según política.",True,"Se reporta retraso en transferencia de pago tras venta. Se solicitan y reciben datos mínimos (contrato, banco y terminación de cuenta). Se abre y escala ticket para rastreo y conciliación; se revisará compensación si el retraso es atribuible a Kavak."
conv-2025-10-23-001,Kavak,feedback,email,entusiasta,es,Retraso en la transferencia de pago tras vender su auto; solicita compensación.,Recibir el pago hoy y obtener compensación por el retraso.,"Verificar y acelerar la transferencia, escalar a Finanzas y evaluar compensación conforme a política.",False,4,2580,3,Finanzas verificará con el banco el estatus de la transferencia SPEI y la coincidencia de titularidad; Servicio evaluará la compensación conforme a política; compartir actualización al cliente en <24 h hábiles; solicitar documentos faltantes si aplica.,True,"Cliente reporta retraso en la transferencia tras vender su auto y solicita compensación. Agente solicita datos mínimos, crea ticket KAV-58421 y escala a Finanzas/Pagos. Se explican validaciones (inspección, documentos, KYC) y que la compensación se evalúa según política. Se promete actualización en <24 h hábiles."
webchat-2025-10-23-001,Kavak,feedback,webchat,apologético,es,Retraso en la transferencia de pago tras la venta; solicita compensación.,Recibir el pago cuanto antes y obtener compensación por el retraso.,"Validar identidad y documentos, escalar a Pagos, reintentar transferencia y someter solicitud de compensación.",False,5,320,3,"Cliente sube folio de venta, identificación oficial y comprobante de cuenta vía enlace seguro; equipo de Pagos valida KYC y reintenta la transferencia; equipo de Compensaciones evalúa ajuste. Actualizar al cliente por correo en 24 h hábiles.",True,"Se disculpa por el retraso, se abre ticket TCK-20251023-4821 y se envía enlace seguro para verificación KYC y carga de documentos. Pagos reintentará la transferencia tras validar; compensación a evaluar según políticas. Se dará actualización por correo en 24 h hábiles."
web-7c3d2c91-7f6a-4c3f-9d12-9b5a4f21a6b8,Kavak,feedback,webchat,enthusiastic,en,Delayed bank transfer after selling car; requests compensation.,Get the payout immediately and receive compensation for the delay.,"Verify identity, check payment status, escalate to Payments, set clear ETA, and initiate a goodwill review.",False,6,420,3,Escalate to Payments with case PMT-91247 for bank trace and priority release; submit goodwill compensation review; await customer’s redacted bank proof (optional); update customer within 4 business hours and final decision within 1 business day.,True,Payment delay acknowledged; identity verified; case opened with Payments for trace and priority; goodwill review initiated; customer to be updated within 4 hours and compensation decision within 1 business day.
wh-2025-10-23-00123,Kavak,feedback,whatsapp,empático,es,Retraso en la transferencia tras vender su auto; solicita compensación.,Recibir el pago pendiente y una compensación por el atraso.,"Verificar estatus del pago, escalar a Pagos, cumplir validaciones KYC y evaluar compensación según política.",False,8,540,3,Equipo de Pagos revisa ticket PAY-48231; enviar enlace seguro al correo del cliente para validar titularidad de cuenta (KYC) con comprobante; actualizar estatus y respuesta sobre compensación <24 h hábiles.,True,"Se escaló el retraso de transferencia a Pagos, se solicitará validación KYC por enlace seguro y se evaluará compensación según política. Se dará actualización en menos de 24 h hábiles."
fbk-20251023-0001,Kavak,feedback,telefono,formal,es,Retraso en la transferencia del pago por la venta del auto; solicita compensación.,Que se acredite el pago hoy y obtener una compensación por la demora.,"Validar identidad, revisar estado del pago, explicar tiempos bancarios, gestionar solicitud de compensación y definir seguimiento.",False,8,210,3,Crear ticket con Finanzas/Pagos para evaluar compensación; enviar folio y comprobante de transferencia por correo en <24h hábiles; monitorear acreditación 24–48h; agendar llamada de seguimiento y escalar a banco si no se acredita.,True,"Cliente reporta retraso en la transferencia de su pago por venta y solicita compensación. KYC verificado. Agente confirma inspección y documentos concluidos; pago liberado y transferencia interbancaria en curso (ETA 24–48h hábiles). No hay compensación automática; se abre ticket a Finanzas para evaluar bono de cortesía. Se enviará folio y comprobante; si no se acredita, habrá seguimiento y escalamiento bancario."
fbk-20251023-0001,Kavak,feedback,telefono,resolutivo,es,Retraso en la transferencia de pago tras la venta; solicita compensación.,Recibir el pago hoy y obtener una compensación por el retraso.,"Verificar identidad, revisar estatus del pago, escalar a Pagos y gestionar solicitud de compensación, informando tiempos y pasos.",False,8,210,3,"Escalar con el equipo de Pagos, abrir caso prioritario, enviar correo seguro para confirmar cuenta (solo últimos 4 dígitos) y evaluar compensación; enviar SMS con número de caso; actualizar en 24 h hábiles.",True,Se validó al cliente con folio y últimos 4 dígitos. El pago figura en proceso bancario con ETA 24–48 h hábiles. Se abrió/escaló caso a Pagos y se solicitó evaluación de compensación sujeta a política. Se enviará correo seguro y SMS con número de caso; se dará actualización en 24 h hábiles.
kavak-20251023-001,Kavak,feedback,telefono,resolutivo,es,Retraso en la transferencia del pago tras la venta del vehículo; solicita compensación.,Recibir el dinero hoy y obtener una compensación por el retraso.,"Verificar identidad, revisar estado del pago, abrir ticket para rastreo y evaluación de compensación, y dar tiempos claros de seguimiento.",False,8,250,3,"Abrir ticket con Finanzas para rastrear el SPEI y evaluar compensación; enviar por SMS folio del caso y acuse de transferencia; llamada de actualización antes de las 18:00; si persiste, solicitar estado de cuenta del día (PDF/captura) y escalar al banco. ETA de resolución: 24–48 h hábiles.",True,Se verificó identidad y estado del pago (SPEI liberado ayer). Se abrió caso prioritario para rastreo y potencial compensación conforme a políticas. Se acordó actualización el mismo día y solicitud de documento bancario si no se refleja.
wapp-20251023-001,Kavak,feedback,whatsapp,resolutivo,es,Retraso en transferencia y solicitud de compensación,Recibir el pago hoy y obtener compensación por el retraso,"Validar identidad, verificar estatus de pago con Tesorería y gestionar evaluación de compensación",False,5,300,3,"Tesorería revisa caso KVK-872314 y envía actualización en <24 h hábiles; evaluar compensación según políticas; solicitar, si aplica, documento en portal seguro.",True,"Cliente reporta retraso en transferencia tras venta y solicita compensación. Se validó identidad básica, se abrió ticket con Tesorería para revisión urgente y se definió SLA de 24 h hábiles. Se evaluará compensación según políticas y se dará seguimiento por correo."
svc-2025-10-23-001,Kavak,service,email,amable,es,Necesita reprogramar una inspección a domicilio por cambio de agenda.,Mover la inspección a una tarde de esta semana.,Reagendar la cita y confirmar datos básicos cumpliendo verificación.,True,4,3900,5,Cita confirmada; técnico llamará 30 minutos antes de la ventana asignada.,False,"Se reprogramó la inspección a domicilio para el viernes 14:00–16:00; se validaron orden, nombre y dirección; se compartieron requisitos de verificación y acceso."
c5e9a2e7-7f1d-4f2a-9b2e-1f8a3d7c9a21,Kavak,feedback,webchat,formal,es,Retraso en la transferencia del pago tras vender su auto; solicita compensación.,Recibir el pago pendiente y obtener compensación por el retraso.,"Verificar estado del pago, priorizar revisión, mantener seguridad de datos y gestionar evaluación de compensación conforme a política.",False,4,240,3,"Enviar enlace seguro para carga de documentos, recolectar ID, contrato y comprobante de cuenta; seguimiento del ticket #PAY-32918 con Pagos y actualizar al cliente en 24–48 h hábiles; evaluar compensación conforme a política.",True,"Se registra que la transferencia está retrasada. Se abre y escala ticket a Pagos, se solicitaron documentos vía enlace seguro para validar KYC y cuenta. Se dará actualización en 24–48 h y se evaluará compensación según políticas."
svc-2025-10-23-0012,Kavak,service,whatsapp,amable,en,Needs to reschedule a home car inspection due to a schedule change.,Pick a new inspection time that fits their availability.,"Verify booking, confirm address, offer slots, reschedule, and send confirmation without requesting sensitive data over chat.",True,6,420,5,Send calendar invite and SMS; notify field technician of new Friday 9–11 am slot; update booking KVK-84721.,False,Inspection rescheduled to Friday 9–11 am at the same address. Confirmation and reminders to be sent. No payment requested; on-site ID check may occur.
svc-INS-reprog-20251023-001,Kavak,service,whatsapp,amable,es,Solicita reprogramar una inspección a domicilio por cambio de agenda,Cambiar fecha/horario de la inspección a domicilio,"Validar identidad y reprogramar la cita, dejando confirmación por WhatsApp",True,8,480,5,Confirmación de cita enviada por WhatsApp; técnico contactará 30 minutos antes de la visita,False,Se validó identidad mediante enlace seguro y se reprogramó la inspección a domicilio al jueves de 14:00 a 18:00. Cliente conforme.
SRV-INS-20251023-8842,Kavak,service,telefono,formal,es,Cambio de agenda: solicita reprogramar inspección a domicilio.,Cambiar fecha/ventana horaria de la inspección.,"Validar identidad, ofrecer opciones y confirmar nueva cita; informar documentos y políticas.",True,10,125,5,Enviar confirmación por SMS y correo; inspector llamará 30 minutos antes; cita reprogramada a jueves 16:00–18:00 en la misma dirección.,False,"Se reprogramó la inspección a domicilio al jueves 16:00–18:00. No hay costo; se informó sobre documentos necesarios (identificación, tarjeta de circulación y llaves). Crédito/garantía no se afectan. Se envió confirmación con folio SR-20251023-059."
svc-20251023-abc123,Kavak,service,whatsapp,directo,es,Cambio de agenda y solicita reprogramar inspección a domicilio,Cambiar fecha y franja horaria de la inspección,"Validar identidad, ofrecer horarios, confirmar nueva cita y requisitos",True,6,185,5,Enviar confirmación de cita y notificar al inspector de la reprogramación,False,"Se validó la identidad del cliente, se ofrecieron opciones y se reprogramó la inspección a domicilio para jueves 4–6 pm. Se indicaron documentos requeridos y que no hay pago para la inspección."
KVK-FB-20251023-001,Kavak,feedback,telefono,amable,es,Retraso en la transferencia tras vender su auto; solicita compensación.,Que se acredite el pago y recibir compensación por el retraso.,"Verificar el caso, escalar para rastreo de pago y evaluar compensación, dando tiempos claros.",False,6,210,3,Abrir ticket prioritario con Pagos/Tesorería para rastreo interbancario y con Finanzas para evaluar compensación; enviar acuse con folio por correo y SMS; actualizar en 24 h hábiles.,True,"Se validó identidad, se explicó proceso (inspección, documentos y KYC antes de pago). Por exceder el tiempo, se escalará a Pagos para rastreo y a Finanzas para posible compensación. Se confirmó canal de contacto y SLA de 24 h hábiles."
svc-2025-10-23-001,Kavak,service,webchat,empático,es,Solicita reprogramar inspección a domicilio por cambio de agenda.,Cambiar fecha/horario de la inspección.,"Validar identidad y reprogramar la inspección, confirmando requisitos y envío de confirmación.",True,6,240,5,Enviar confirmación de la nueva cita por SMS y correo; actualizar la ruta del inspector.,False,Se verificó identidad (nombre y número de orden) y se reprogramó la inspección a domicilio para el jueves 16:00–18:00. Se enviará confirmación y recordatorio; no tiene costo. Cliente informado de los documentos y condiciones para la visita.
f4c9a5d9-2a5a-4c1d-86f4-1b6c7dc2f9a3,Kavak,service,webchat,directo,es,Cambio de agenda: reprogramar inspección a domicilio,Mover fecha y horario de la inspección,"Validar identidad, confirmar dirección y reagendar la inspección",True,6,320,5,Enviar confirmación por email y SMS; notificar al técnico y actualizar la orden con la nueva franja horaria.,False,Inspección a domicilio reprogramada para viernes 10:30–12:00 en la misma dirección. Identidad validada con número de orden y nombre. Cliente informado de documentos requeridos.
svc-INS-20251023-001,Kavak,service,telefono,formal,es,Cambio de agenda; solicita reprogramar inspección a domicilio.,Reprogramar la fecha y franja horaria de la inspección.,"Validar identidad, ofrecer disponibilidad y confirmar nueva cita con requisitos y confirmación.",True,8,135,5,Enviar confirmación y recordatorio por SMS y correo; actualizar la agenda del técnico con la nueva franja.,False,Se validó identidad y se reprogramó la inspección a domicilio para el viernes de 15:00 a 18:00 en la misma dirección. Se informaron requisitos y que la reprogramación no tiene costo. Se enviará confirmación y recordatorio.
svc-8f4a2e1b-3b6c-4d4d-9a79-2a6a1f2a9b91,Kavak,service,whatsapp,amable,es,Cambio de agenda; requiere reprogramar inspección a domicilio.,Mover su inspección a domicilio al jueves 10-12 manteniendo la misma dirección.,"Validar datos mínimos, confirmar disponibilidad y reprogramar la inspección; indicar requisitos y enviar confirmación.",True,6,145,5,Enviar confirmación de reprogramación por WhatsApp y actualizar el sistema con la nueva cita.,False,"Se verificó el número de orden y se reprogramó la inspección a domicilio al jueves 10-12, manteniendo la misma dirección. Se informaron documentos requeridos y que no se realizan pagos en la inspección. Confirmación enviada por el mismo canal."
KVK-SVC-20251023-AB12,Kavak,service,whatsapp,resolutivo,es,Solicita reprogramar inspección a domicilio por cambio de agenda,Mover la inspección a un nuevo horario disponible,"Validar identidad y reprogramar la inspección, confirmando por canal y recordando documentos",True,4,240,5,Inspección reprogramada a mañana 11:00–13:00; confirmación enviada por WhatsApp y correo; cliente informado de documentos requeridos.,False,"Se validó la identidad con nombre y correo, se reprogramó la inspección a la ventana solicitada y se recordaron documentos para la visita."
wh-2025-10-23-7f3a2c9e,Kavak,service,whatsapp,apologético,es,Cambio de agenda; reprogramar inspección a domicilio,Mover la cita de inspección a otro horario,"Verificar identidad, ofrecer horarios y reprogramar la inspección cumpliendo políticas",True,6,180,5,"Enviar confirmación de la nueva cita y datos del técnico por WhatsApp y correo; cita agendada para sábado 25, 9:00–11:00.",False,"Cita de inspección a domicilio reprogramada por cambio de agenda; identidad verificada con orden/placa. Se informaron políticas de documentos, inspección, pagos, garantía y crédito."
svc-20251023-001,Kavak,service,webchat,resolutivo,en,Schedule change requiring rescheduling of at-home inspection,Change inspection date/time,Verify identity and reschedule inspection with confirmation,True,8,200,5,Confirmation sent via SMS/email; technician assigned for Sat Oct 25 10:00–12:00; customer to have ID and vehicle ready at the address on file.,False,"Inspection rescheduled after KYC verification. Customer moved appointment to Sat Oct 25, 10:00–12:00. No fees; ID required; financing/warranty unaffected."
svc-INS-20251023-001,Kavak,service,webchat,amable,es,Solicita reprogramar inspección a domicilio por cambio de agenda,Cambiar fecha y hora de la inspección a domicilio,Verificar identidad y reprogramar la cita sin pedir datos sensibles,True,6,270,5,Confirmación enviada por SMS y correo; cita reprogramada a la franja solicitada; verificación de identidad el día de la visita.,False,"Se validó identidad básica (nombre y teléfono), se reprogramó la inspección a domicilio a la franja vespertina del día siguiente y se enviaron confirmaciones. No se solicitaron pagos ni documentos adicionales; el técnico validará identificación oficial en sitio."
c1b7d2b6-8e41-4c7a-9f2d-1b0a5c3f9a22,Kavak,service,webchat,resolutivo,es,Quiere reprogramar la inspección a domicilio por cambio de agenda,Cambiar fecha y horario de la inspección a domicilio,"Validar identidad, ofrecer disponibilidad y reprogramar la visita",True,6,190,5,"Enviar confirmación de la nueva cita por SMS y correo, notificar al técnico asignado y registrar folio en el sistema.",False,Inspección a domicilio reprogramada para viernes 24 de octubre de 9:00 a 11:00 en la misma dirección; cliente informado de documentos requeridos y confirmación por SMS/correo.
svc-20251023-AX94K,Kavak,service,webchat,amable,es,Cambio de agenda; solicita reprogramar inspección a domicilio,Mover la cita de inspección a una nueva ventana por la tarde,"Verificar identidad mínima, ofrecer opciones y confirmar reprogramación con indicaciones",True,8,230,5,Enviar confirmación de reprogramación por correo y SMS; técnico contactará antes de la llegada.,False,"Se verificó folio y titular, se reprogramó la inspección a domicilio para mañana 16:00–18:00, y se indicaron documentos a tener a mano."
KVK-CR-2025-10-23-8f12a7b9,Kavak,credit,whatsapp,apologético,es,Pregunta si califica a crédito y qué tasas maneja Kavak.,Saber si puede comprar a crédito y conocer posibles tasas.,Explicar requisitos y proceso de pre-calificación y ofrecer siguiente paso.,False,4,150,4,"Enviar enlace seguro de pre-calificación, abrir ticket de seguimiento y, si el cliente completa, presentar oferta de financiamiento; si no, proponer cita en tienda.",True,"Cliente solicita información de crédito y tasas. Agente explica que la tasa depende del perfil, auto, enganche y plazo; se requieren ID oficial, comprobante de ingresos y domicilio. Se menciona inspección y garantía del auto y pagos por domiciliación. Se enviará enlace seguro para pre-calificación y se abre ticket."
KAVAK-CR-20251023-0007,Kavak,credit,telefono,directo,en,Wants to know if they qualify for financing and possible rates.,Get a quick pre-qualification and an idea of rates.,"Explain financing, required documents, KYC/credit check, and start pre-qualification.",False,8,165,4,Send SMS with secure pre-qualification link; await document upload; schedule follow-up call within 1 business day to review estimated APR and terms.,True,"Customer will complete soft-credit pre-qualification via secure link and upload ID, income, and address docs. Agent explained inspection, limited warranty, monthly payments, and next steps."
svc-20251023-0012,Kavak,service,telefono,resolutivo,es,Reprogramar inspección a domicilio por cambio de agenda,Cambiar la fecha y hora de la inspección,"Verificar identidad y reprogramar la cita, confirmando condiciones y requisitos",True,8,140,5,Enviar confirmación por SMS y correo; actualizar la orden con la nueva franja 16:00–18:00 y notificar al técnico.,False,"Se verificó identidad y se reprogramó la inspección a domicilio para mañana 16:00–18:00 sin costo; se indicó tener identificación oficial y tarjeta de circulación listas; no afecta oferta, garantía ni crédito; se enviará confirmación por SMS y correo."
conv-2025-10-23-001,Kavak,credit,email,apologético,es,Saber si califica a crédito y cuáles son las posibles tasas.,Conocer elegibilidad de crédito para comprar auto y tasas aproximadas.,Explicar proceso y requisitos KYC para preaprobación y ofrecer siguiente paso.,False,2,120,4,"Enviar al cliente el formulario seguro de preaprobación y solicitar los documentos mencionados; si lo prefiere, agendar llamada/cita con asesor.",True,Se explicó que la aprobación y tasa dependen del análisis crediticio y del auto/plazo. Se solicitaron documentos KYC y autorización para consulta de crédito. Se ofreció enviar formulario de preaprobación o agendar llamada/cita.
svc-20251023-0007,Kavak,service,webchat,formal,es,Solicita reprogramar inspección a domicilio por cambio de agenda.,Cambiar fecha y horario de su inspección a domicilio.,Validar identidad mínima y reprogramar la cita confirmando la nueva ventana y envío de confirmación.,True,8,190,5,Enviar confirmación por correo y SMS con la nueva ventana de inspección (viernes 16:00–18:00).,False,Se validó identidad mínima del cliente y se reprogramó la inspección a domicilio al viernes de 16:00 a 18:00; se enviará confirmación por correo y SMS. No hay costo por reprogramación.
c6b7a9f2-9f1a-4c7f-9e1f-2de0c8a3b4d1,Kavak,credit,email,resolutivo,es,Consulta si califica a crédito y qué tasas manejan para comprar un auto.,Saber si es elegible para financiamiento y conocer rangos de tasas.,"Explicar proceso de preaprobación, documentos y rangos de tasas; definir siguiente paso.",False,2,420,4,"Enviar formulario seguro de preaprobación, solicitar documentos y agendar llamada breve si el cliente confirma.",True,"El cliente solicita información de elegibilidad y tasas. El agente explicó documentos y proceso KYC (incluye Buró), rangos de tasa estimados y propuso enviar formulario seguro y agendar llamada."
wc-20251023-8f2b7c,Kavak,credit,webchat,empático,es,Saber si califica a crédito y qué tasas maneja Kavak,Conocer su elegibilidad y obtener una referencia de tasas/mensualidades,"Explicar requisitos y proceso de crédito, KYC y siguiente paso para pre-calificación",False,6,210,5,Enviar enlace seguro de pre‑calificación; crear ticket al equipo de crédito; ofrecer agendar cita en sucursal,True,"Cliente interesado en crédito y tasas. Agente explicó proceso, requisitos (ID, ingresos, domicilio, RFC, autorización), verificación KYC, e indicó inspección y garantía de los autos. Se enviará enlace de pre‑calificación y se abre ticket para seguimiento."
f2a7c2c9-9c6b-4b6a-9a3a-6ac7f2b90b41,Kavak,credit,email,empático,en,Asking if they qualify for financing and what interest rates they could get.,Understand eligibility and potential rates to buy a car.,"Explain how to check eligibility, what documents are needed, what affects rates, and outline next steps.",False,2,4020,4,Await customer reply with city and preferred method; then send secure pre‑qualification link or schedule a call and request KYC docs.,True,"Explained factors affecting APR, listed required KYC/credit documents, noted inspection and warranty review post‑approval, and provided clear next steps for pre‑qualification."
wapp-20251023-CRD-7842,Kavak,credit,whatsapp,empático,es,Consulta si califica a crédito y cuáles son las tasas.,Saber si es elegible para financiamiento y las tasas aproximadas.,"Explicar requisitos, proceso de precalificación y siguientes pasos sin prometer tasas específicas.",False,2,90,4,"Abrir folio y enviar enlace seguro para precalificación; si lo prefiere, agendar llamada.",True,"Se informó que la elegibilidad y tasa dependen de la evaluación. Se pidieron documentos básicos (ID, ingresos, domicilio), se mencionó KYC, inspección y garantía. Pendiente enviar enlace y/o agendar llamada."
kvk-cred-2025-10-23-001,Kavak,credit,email,entusiasta,es,Consulta si califica a crédito y cuáles son las posibles tasas para comprar un auto.,Saber su elegibilidad y rangos de tasas para planear la compra.,"Explicar requisitos y proceso de pre-calificación, orientar sobre tasas estimadas y definir siguiente paso seguro.",False,2,3300,4,"Abrir folio y enviar enlace seguro para cargar documentos de pre-calificación; alternativamente, agendar llamada con asesor.",True,"El cliente pidió información sobre elegibilidad y tasas. El agente explicó requisitos KYC y proceso de pre-calificación, indicó que las tasas son estimadas y sujetas a evaluación, y mencionó inspección, garantía y cálculo de mensualidades/enganche. Se propuso enviar enlace seguro o agendar llamada."
c2a7f9b1-7e5c-4b2a-9a1a-5f86e6e9fd42,Kavak,credit,telefono,apologético,es,Quiere saber si califica a crédito y las posibles tasas.,Conocer elegibilidad y rangos de tasas para comprar un auto.,"Explicar requisitos, obtener consentimiento, y guiar a pre-calificación.",False,6,230,4,Enviar SMS con enlace de pre‑calificación; cliente sube documentos y autoriza consulta de buró; agendar llamada con especialista al completar.,True,"Cliente interesado en crédito y tasas. Se explicó que la tasa depende del perfil, enganche, plazo y auto. Se solicitaron documentos (ID, ingresos, domicilio) y consentimiento para buró. Se enviará enlace de pre‑calificación y se programará llamada con especialista tras completar. Se mencionó inspección de autos, garantía y métodos de pago."
c1c0c4aa-3f7d-4e9d-9d1c-7a7d3a2f5a42,Kavak,credit,webchat,formal,es,Consulta si califica a crédito y pide tasas.,Saber si es elegible para crédito y conocer tasas aproximadas.,"Explicar criterios y requisitos, iniciar pre‑calificación y acordar siguiente paso.",False,6,240,4,"Abrir ticket, enviar formulario seguro de pre‑calificación y agendar llamada de 10 minutos. Solicitar autorización para consulta de buró y documentos: identificación oficial, comprobante de ingresos, comprobante de domicilio, RFC/CURP.",True,"Cliente solicita elegibilidad y tasas de crédito. Agente explica que dependen de evaluación y propone pre‑calificación con requisitos KYC, menciona inspección y garantía del auto, y acuerda enviar formulario y agendar llamada."
kvk-web-20251023-CRD-001,Kavak,credit,webchat,empático,es,Solicita saber si califica a crédito y cuáles podrían ser las tasas.,Conocer elegibilidad y tasas para comprar un auto a crédito.,"Explicar criterios, requisitos y guiar a una precalificación.",False,4,65,4,Iniciar precalificación solicitando datos básicos por chat o agendar llamada de un asesor de crédito.,True,"Se explicó elegibilidad, documentos requeridos, validación de identidad y que tasas/plazos dependen del perfil. Se ofreció iniciar precalificación o agendar llamada."
kavak-web-20251023-CRD-8731,Kavak,credit,webchat,resolutivo,es,Quiere saber si califica a crédito y las tasas para comprar un auto.,Conocer elegibilidad y rangos de tasa para decidir compra.,"Explicar requisitos, rangos estimados de tasa y guiarlos a una precalificación segura.",False,2,70,4,Enviar enlace de formulario de precalificación por chat y abrir expediente KYC para recibir documentos.,True,"Se explicó que la aprobación depende de evaluación crediticia; tasas referenciales 12%–28% CAT según perfil, plazo y enganche. Se solicitarán ID, comprobantes de ingresos y domicilio; se consultará Buró con autorización. Se enviará formulario de precalificación por el chat."
c-20251023-001,Kavak,credit,whatsapp,entusiasta,es,Consulta si califica a crédito y qué tasas maneja Kavak para comprar un auto.,Saber si es elegible para crédito y conocer tasas aproximadas.,"Guiar a una precalificación, explicar requisitos/documentos, rangos de tasas y siguiente paso.",False,8,420,5,"Cliente completará el formulario de precalificación y enviará identificación oficial, comprobante de domicilio y comprobantes de ingresos; obtener autorización para consulta de buró; opcional agendar llamada de asesoría.",True,"Se explicó proceso de crédito (KYC y consulta de buró), documentos requeridos, plazos y pagos, y rango estimado de tasas sujeto a aprobación. Se mencionó inspección y garantía del auto. Cliente aceptó recibir y completar el formulario."
KAVAK-CR-20251023-001,Kavak,credit,email,apologético,es,Quiere saber si califica a crédito y las tasas disponibles.,Conocer su elegibilidad y un rango de tasas para comprar un auto.,"Explicar requisitos y proceso de preaprobación, dar rango referencial de tasas y definir el siguiente paso.",False,2,180,4,"Enviar al cliente el formulario seguro de preaprobación y el checklist de documentos KYC; al recibir autorización para consulta de buró, iniciar evaluación. Ofrecer agendar llamada.",True,"Se explicó que la tasa depende de la evaluación crediticia, enganche y plazo; se solicitarán documentos KYC para preaprobación. Autos certificados con inspección y garantía. Se propuso enviar formulario y/o agendar llamada."
CR-2025-10-23-7842,Kavak,credit,email,formal,es,Consulta sobre elegibilidad de crédito y tasas para comprar un auto.,Saber si califica a crédito y conocer posibles tasas.,"Explicar requisitos y proceso de preaprobación, rangos de tasa y próximos pasos.",False,4,5400,4,Enviar formulario seguro de preaprobación y solicitar documentos; ofrecer agendar llamada de asistencia.,True,"Se informó el proceso de preaprobación, documentos KYC requeridos, rangos referenciales de tasa y condiciones generales. El cliente solicitó el formulario; el agente enviará el enlace seguro y dará seguimiento en 24-48h."
wh-cred-20251023-001,Kavak,credit,whatsapp,entusiasta,es,Quiere saber si califica a crédito y cuáles podrían ser las tasas.,Conocer su elegibilidad y rangos de tasas para comprar un auto.,"Iniciar precalificación, explicar requisitos y próximos pasos sin prometer tasas.",False,8,420,4,"Enviar formulario de precalificación, recibir documentos KYC (ID, domicilio, ingresos, RFC/curp), realizar revisión con financiera aliada y agendar llamada de seguimiento.",True,Se inició precalificación de crédito; el cliente recibirá formulario para cargar documentos. Tasas sujetas a perfil y al auto; autos con inspección y garantía. Se confirmará elegibilidad tras revisar documentación.
wrt-2025-10-23-001,Kavak,warranty,email,entusiasta,es,Consulta si una falla eléctrica entra en garantía extendida y cómo tramitarla.,Confirmar cobertura y pasos para iniciar el trámite.,Aclarar cobertura y guiar sobre documentos y proceso de inspección.,True,4,420,5,"Cliente envía VIN, número de póliza, kilometraje, evidencia y ciudad; Agente abre ticket de garantía y propone citas para inspección/diagnóstico en centro autorizado.",True,Se confirmó que la garantía extendida suele cubrir fallas eléctricas bajo términos vigentes y sin modificaciones ni desgaste. Se pidieron documentos para abrir el caso y agendar inspección; pendiente información del cliente.
whtspp-kwk-20251023-001,Kavak,warranty,whatsapp,directo,es,Consulta si una falla eléctrica entra en garantía extendida y cómo tramitarla.,Confirmar cobertura y arrancar el proceso de garantía.,"Validar elegibilidad preliminar, recopilar datos KYC, y agendar diagnóstico en taller autorizado.",False,6,420,4,"Abrir ticket de garantía y agendar diagnóstico mañana 16:00 en taller autorizado; cliente enviará identificación, tarjeta de circulación, contrato de garantía, historial de mantenimiento y evidencia del fallo.",True,"Se confirmó que fallas eléctricas pueden estar cubiertas según póliza y condiciones. Cliente proporcionó datos básicos (nombre, VIN parcial, contrato, km, ciudad, disponibilidad). Se solicitaron documentos para KYC y validación y se propuso diagnóstico mañana 16:00. Agente abrirá ticket y enviará confirmación con dirección y folio."
a0c1c6a3-9d3f-4e0f-9d7b-7a3bfb2ab1e2,Kavak,credit,telefono,resolutivo,es,Saber si califica a crédito y conocer posibles tasas.,Obtener financiamiento para comprar un auto y conocer rangos de tasa.,"Explicar requisitos, rangos de tasa sujetos a evaluación y acordar el siguiente paso de precalificación.",False,6,240,5,Enviar SMS con enlace seguro para autorización de consulta de buró y carga de documentos; abrir folio interno; agendar llamada de precalificación hoy 16:30.,True,"Se explicó que la aprobación depende de perfil, con tasas de referencia 15%-29% sujetas a evaluación. Se solicitaron documentos KYC (ID, domicilio, ingresos, RFC) y autorización de buró. Se informó sobre pagos mensuales y garantía limitada. Siguiente paso: enviar enlace seguro y agendar llamada de precalificación."
war-20251023-8f3c21,Kavak,warranty,email,empático,es,Duda si una falla eléctrica (alternador) entra en garantía extendida y cómo tramitarla.,Confirmar cobertura y pasos para abrir un caso.,Aclarar condiciones de cobertura y guiar para abrir folio y agendar inspección.,False,2,420,4,"Cliente envía VIN/placa, número de contrato, fotos del tablero, diagnóstico (si lo tiene), comprobantes de mantenimiento e identificación oficial; agente abre folio de garantía y agenda inspección en taller autorizado con preautorización.",True,"Se explica que fallas eléctricas suelen estar cubiertas según términos del contrato; se solicita documentación para validar y abrir folio, preautorizar y agendar inspección."
f2d7c0f1-3a1a-4a8f-9f9f-7b6b2e37e6a2,Kavak,warranty,email,apologético,es,El cliente duda si una falla eléctrica entra en la garantía extendida y cómo tramitar el reclamo.,Confirmar cobertura y saber el proceso para abrir un caso de garantía.,Explicar alcances generales de la garantía y detallar pasos/documentos para abrir ticket y agendar diagnóstico.,False,2,780,4,"Cliente envía VIN/placa, número de contrato de garantía, identificación oficial, póliza, comprobantes de mantenimiento, descripción y evidencia; el agente abre ticket y agenda diagnóstico en taller autorizado en 24–48 h.",True,Se explicó cobertura general de fallas eléctricas bajo garantía extendida y se indicaron documentos y pasos para abrir el caso y agendar inspección; queda pendiente recepción de información del cliente.
WHTS-2025-10-23-001,Kavak,warranty,whatsapp,amable,es,Duda si una falla eléctrica entra en garantía extendida y cómo tramitarla.,Confirmar cobertura y abrir un trámite de garantía.,"Aclarar cobertura, pedir datos/documents, y agendar diagnóstico con ticket.",True,8,540,5,"Generar ticket de garantía, enviar folio y ubicación del taller aliado, y confirmar cita de diagnóstico (10:00–12:00 CDMX).",True,Se confirmó que la garantía extendida puede cubrir fallas eléctricas según póliza; se solicitaron KYC y documentos; se agendó diagnóstico y se abrirá folio para tramitar la garantía.
KAVAK-warr-20251023-001,Kavak,warranty,telefono,amable,es,Tiene una falla eléctrica intermitente y duda si la cubre su garantía extendida.,Confirmar cobertura y saber cómo tramitar el reclamo.,"Explicar condiciones de cobertura, validar datos y generar ticket/cita de diagnóstico.",True,8,210,5,Cliente sube contrato e identificación por enlace seguro y asiste a la cita de diagnóstico programada.,True,"Se explicó cobertura sujeta a diagnóstico, se generó ticket y se agendó cita de revisión en centro autorizado. Cliente recibirá confirmación por SMS y correo."
wrn-20251023-001,Kavak,warranty,email,formal,es,Consulta si una falla eléctrica entra en la garantía extendida y cómo tramitarla.,Confirmar cobertura y recibir instrucciones para abrir el caso.,"Aclarar cobertura sujeta a póliza, solicitar documentos y agendar evaluación en taller autorizado.",False,4,10800,4,"Validar póliza y documentos, confirmar disponibilidad del cliente y agendar evaluación en taller autorizado en Monterrey bajo el ticket K-20251023-1742.",True,Se aclaró que una falla eléctrica puede estar cubierta según la póliza. Se solicitaron y recibieron documentos. Se abrió ticket y se coordina la evaluación en taller autorizado para confirmar cobertura y proceder.
c2a7c9b8-8f3b-4e1f-9b2e-4f6f2b7e1a90,Kavak,warranty,whatsapp,amable,es,Consulta si una falla eléctrica entra en garantía extendida y cómo tramitarla.,Confirmar cobertura y saber el proceso para abrir la garantía.,"Validar plan, abrir folio de garantía y agendar diagnóstico en taller autorizado.",False,6,420,5,"Abrir folio de garantía, validar cobertura del plan con contrato y VIN, y enviar opción de taller con cita para diagnóstico; cliente presentará identificación.",True,"El cliente consultó si su falla eléctrica entra en garantía extendida. El agente explicó cobertura general (excluye consumibles y modificaciones), solicitó contrato/VIN e identificación, y acordó agendar un diagnóstico en taller autorizado con confirmación por WhatsApp en 2 horas."
KVK-WEB-20251023-001,Kavak,warranty,webchat,resolutivo,es,Consulta si una falla eléctrica entra en garantía extendida y cómo tramitarla.,Confirmar cobertura y abrir el trámite de garantía.,Aclarar condiciones de cobertura y levantar ticket con cita de diagnóstico.,True,6,360,5,"Enviar enlace seguro por correo para subir contrato de garantía, identificación y evidencia; ticket abierto y cita confirmada para diagnóstico en centro autorizado.",True,"Se explicó que la cobertura depende del plan y del dictamen. Se abrió trámite, se programó diagnóstico mañana 16:00 en CDMX y se enviará enlace seguro para documentos. Pendiente resultado de inspección."
KW-2025-10-23-001,Kavak,warranty,email,amable,es,Consulta si una falla eléctrica está cubierta por la garantía extendida y cómo iniciar el trámite.,Confirmar cobertura y saber cómo proceder con el reclamo.,Aclarar cobertura sujeta a T&C y guiar apertura de caso con documentos y cita de inspección.,False,2,5400,5,Cliente envía documentos y datos; agente abre ticket de garantía y agenda inspección en taller autorizado.,True,"Se explica que la falla eléctrica podría estar cubierta bajo la garantía extendida, sujeta a diagnóstico y T&C. Se solicitan documentos (contrato/VIN, identificación, comprobante, contacto, kilometraje, ubicación, evidencia) para abrir ticket y agendar inspección."
KVK-20251023-7A2F1E,Kavak,warranty,telefono,apologético,es,Consulta si una falla eléctrica entra en su garantía extendida y cómo tramitarla,Confirmar cobertura y abrir un caso para reparación,"Explicar cobertura sujeta a diagnóstico, requisitos y agendar inspección en taller autorizado",False,8,310,4,Enviar enlace seguro para KYC y carga de documentos; crear folio de garantía; acudir a diagnóstico en taller autorizado en la cita agendada (mañana 11:30).,True,Se explicó que la cobertura de la falla eléctrica depende del contrato y diagnóstico. Se programó revisión en taller autorizado y se enviará enlace para validar identidad y subir documentos; al completarse se generará el folio. Se informó sobre posibles deducibles y no autorizar reparaciones externas.
e3a4f8c2-9b1d-4f77-9cb3-0a2f2a1c6d91,Kavak,warranty,email,empático,es,Duda si una falla eléctrica entra en su garantía extendida y cómo tramitarla.,Confirmar cobertura y saber cómo iniciar el trámite.,"Aclarar cobertura general, solicitar documentos, abrir ticket y agendar inspección.",False,2,540,4,"Cliente envía documentos y datos; agente valida cobertura, abre ticket de garantía y agenda inspección en taller autorizado en 24–48 h hábiles.",True,"Se informó que la falla eléctrica puede estar cubierta por la garantía extendida; se solicitaron documentos para KYC, datos del vehículo y evidencia para abrir ticket y agendar diagnóstico sin costo si aplica."
KAV-20251023-0012,Kavak,warranty,telefono,apologético,es,Duda si una falla eléctrica está cubierta por la garantía extendida y cómo tramitar la revisión.,Confirmar cobertura y saber el proceso para levantar la garantía.,Aclarar alcances de la garantía extendida y abrir un ticket para diagnóstico en taller autorizado.,False,8,310,4,"Abrir ticket KAV-WAR-7841; solicitar documentos (póliza vigente, INE/pasaporte, tarjeta de circulación, historial de servicios), validar identidad y datos del vehículo (VIN/placa), confirmar cobertura y deducible; agendar diagnóstico en taller autorizado y, de aplicar, coordinar grúa; contacto en 24–48 h.",True,"Se explicó cobertura general para fallas eléctricas bajo garantía extendida y exclusiones comunes. Se iniciará ticket, verificación de póliza y KYC, y se agendará diagnóstico en taller autorizado; posible asistencia de grúa si la póliza lo contempla."
warr-2025-10-23-001,Kavak,warranty,email,directo,es,Consulta sobre cobertura de falla eléctrica bajo garantía extendida y proceso para tramitarla,Confirmar cobertura y saber cómo iniciar el reclamo,Aclarar condiciones de cobertura y solicitar documentos para abrir ticket y agendar inspección,False,2,240,4,"Cliente envía contrato de garantía o VIN, identificación oficial, descripción/fotos y comprobantes de mantenimiento; Agente abre ticket y agenda inspección en taller autorizado para diagnóstico y validación de cobertura.",True,"Se indicó que fallas eléctricas del sistema original suelen estar cubiertas bajo la garantía extendida, sujeto a diagnóstico y términos del contrato. Se solicitaron documentos para abrir el caso y agendar inspección; puede aplicar deducible y no se cubren trabajos fuera de red sin autorización."
WA-20251023-8742,Kavak,warranty,whatsapp,empático,es,Falla eléctrica (tablero se apaga) y duda si entra en garantía extendida.,Confirmar cobertura y saber cómo tramitar la garantía.,"Explicar condiciones de cobertura, solicitar datos y documentos, y agendar diagnóstico/ticket.",False,6,220,5,Abrir ticket y agendar cita de diagnóstico en taller autorizado; solicitar y validar documentos; confirmar folio por WhatsApp.,True,Cliente con falla eléctrica intermitente en tablero. Se explicó que la cobertura depende del diagnóstico y términos de la garantía extendida. Se solicitaron datos KYC básicos y documentos; se abrirá ticket y se coordinará cita de inspección. Se informó sobre posible deducible/costos antes de cualquier trabajo y opción de asistencia si no es seguro conducir.
KVK-WAR-20251023-001,Kavak,warranty,telefono,resolutivo,es,Consulta si una falla eléctrica entra en garantía extendida y cómo tramitarla.,Confirmar cobertura y saber el proceso para hacer válida la garantía.,"Validar requisitos, explicar cobertura y pasos, y agendar inspección/abrir ticket.",True,8,210,5,"Enviar correo con checklist y enlace seguro para subir documentos (identidad, contrato de garantía, VIN/placas, kilometraje, historial de servicios, evidencia). Al recibirlos, abrir ticket de garantía y confirmar cita de inspección en taller autorizado.",True,"Se explicó que las fallas eléctricas de componentes cubiertos suelen entrar en la garantía extendida, con exclusiones. Se solicitó validación de identidad y documentos, y se preagendó una inspección con apertura de ticket una vez recibida la documentación."
KAVAK-WAR-2025-10-23-001,Kavak,warranty,telefono,resolutivo,es,Duda si una falla eléctrica entra en la garantía extendida,Confirmar cobertura y saber cómo tramitar la garantía,"Validar identidad y contrato, explicar cobertura y agendar diagnóstico para trámite de garantía",True,8,180,5,"Enviar confirmación de cita con folio, checklist de documentos y enlace para subir evidencia; realizar diagnóstico para confirmar cobertura y, de aplicar, proceder con reparación bajo garantía.",True,Se validó identidad y vigencia de la garantía extendida. Se explicó que la falla eléctrica puede estar cubierta según diagnóstico; no se cubren consumibles/accesorios ni trabajos sin autorización. Se agendó diagnóstico y se enviarán instrucciones. Sin costo si procede; de lo contrario se cotiza y se informa deducible si aplica.
